family,example,source_kind,layer,target_margin,source_margin,patched_margin,patch_effect,normalized_rescue
addition,0,same_computation,0,2.03125,3.140625,1.0,-1.03125,-0.9295766268605055
addition,0,same_computation,9,2.03125,3.140625,8.953125,6.921875,6.239430995442484
addition,0,same_computation,18,2.03125,3.140625,3.75,1.71875,1.5492943781008424
addition,0,same_computation,27,2.03125,3.140625,3.21875,1.1875,1.0704215703242184
addition,0,same_computation,35,2.03125,3.140625,3.140625,1.109375,0.9999990985923619
addition,0,surface_wrong,0,2.03125,5.0,0.859375,-1.171875,-0.39473670914131903
addition,0,surface_wrong,9,2.03125,5.0,5.96875,3.9375,1.3263153427148318
addition,0,surface_wrong,18,2.03125,5.0,4.671875,2.640625,0.8894733845984388
addition,0,surface_wrong,27,2.03125,5.0,-6.046875,-8.078125,-2.721051715014159
addition,0,surface_wrong,35,2.03125,5.0,-5.640625,-7.671875,-2.5842096558451684
addition,0,unrelated,0,2.03125,1.25,1.96875,-0.0625,-0.07999989760013107
addition,0,unrelated,9,2.03125,1.25,0.96875,-1.0625,-1.3599982592022282
addition,0,unrelated,18,2.03125,1.25,0.921875,-1.109375,-1.4199981824023264
addition,0,unrelated,27,2.03125,1.25,-1.03125,-3.0625,-3.9199949824064224
addition,0,unrelated,35,2.03125,1.25,-1.84375,-3.875,-4.959993651208126
addition,1,same_computation,0,6.71875,5.984375,9.84375,3.125,4.255313354466922
addition,1,same_computation,9,6.71875,5.984375,9.59375,2.875,3.9148882861095675
addition,1,same_computation,18,6.71875,5.984375,8.78125,2.0625,2.808506813948168
addition,1,same_computation,27,6.71875,5.984375,7.65625,0.9375,1.2765940063400765
addition,1,same_computation,35,6.71875,5.984375,5.984375,-0.734375,-0.9999986382997266
addition,1,surface_wrong,0,6.71875,6.734375,9.8828125,3.1640625,202.4870408293869
addition,1,surface_wrong,9,6.71875,6.734375,10.28125,3.5625,227.9854089338282
addition,1,surface_wrong,18,6.71875,6.734375,11.78125,5.0625,323.97926532701905
addition,1,surface_wrong,27,6.71875,6.734375,8.828125,2.109375,134.99136055292462
addition,1,surface_wrong,35,6.71875,6.734375,6.734375,0.015625,0.9999360040957378
addition,1,unrelated,0,6.71875,6.28125,6.4296875,-0.2890625,-0.660712775513656
addition,1,unrelated,9,6.71875,6.28125,5.3671875,-1.3515625,-3.0892786530773644
addition,1,unrelated,18,6.71875,6.28125,5.75,-0.96875,-2.214280653072793
addition,1,unrelated,27,6.71875,6.28125,5.5625,-1.15625,-2.642851102054624
addition,1,unrelated,35,6.71875,6.28125,6.28125,-0.4375,-0.9999977142909389
addition,2,same_computation,0,5.875,5.75,6.90625,1.03125,8.249934000527995
addition,2,same_computation,9,5.875,5.75,6.9609375,1.0859375,8.687430500555996
addition,2,same_computation,18,5.875,5.75,4.828125,-1.046875,-8.374933000535995
addition,2,same_computation,27,5.875,5.75,7.84375,1.96875,15.749874001007992
addition,2,same_computation,35,5.875,5.75,5.75,-0.125,-0.9999920000639995
addition,2,surface_wrong,0,5.875,8.125,6.9375,1.0625,0.47222201234577227
addition,2,surface_wrong,9,5.875,8.125,6.8671875,0.9921875,0.440972026234655
addition,2,surface_wrong,18,5.875,8.125,6.046875,0.171875,0.07638885493828669
addition,2,surface_wrong,27,5.875,8.125,3.875,-2.0,-0.888888493827336
addition,2,surface_wrong,35,5.875,8.125,2.296875,-3.578125,-1.5902770709879683
addition,2,unrelated,0,5.875,1.953125,5.6015625,-0.2734375,-0.06972109776035754
addition,2,unrelated,9,5.875,1.953125,4.3203125,-1.5546875,-0.39641424155174715
addition,2,unrelated,18,5.875,1.953125,4.6171875,-1.2578125,-0.3207170496976447
addition,2,unrelated,27,5.875,1.953125,4.1328125,-1.7421875,-0.44422299430170664
addition,2,unrelated,35,5.875,1.953125,3.515625,-2.359375,-0.6015934721036565
addition,3,same_computation,0,5.796875,6.046875,6.578125,0.78125,3.12498750005
addition,3,same_computation,9,5.796875,6.046875,6.8203125,1.0234375,4.0937336250655
addition,3,same_computation,18,5.796875,6.046875,6.59375,0.796875,3.1874872500510003
addition,3,same_computation,27,5.796875,6.046875,7.5,1.703125,6.812472750109
addition,3,same_computation,35,5.796875,6.046875,6.046875,0.25,0.9999960000160001
addition,3,surface_wrong,0,5.796875,8.21875,6.7109375,0.9140625,0.37741919900110493
addition,3,surface_wrong,9,5.796875,8.21875,7.34375,1.546875,0.6387094136941776
addition,3,surface_wrong,18,5.796875,8.21875,7.015625,1.21875,0.5032255986681399
addition,3,surface_wrong,27,5.796875,8.21875,2.828125,-2.96875,-1.225805945473674
addition,3,surface_wrong,35,5.796875,8.21875,1.921875,-3.875,-1.5999993393551113
addition,3,unrelated,0,5.796875,1.296875,5.5078125,-0.2890625,-0.06423609683642292
addition,3,unrelated,9,5.796875,1.296875,3.671875,-2.125,-0.4722221172839739
addition,3,unrelated,18,5.796875,1.296875,4.25,-1.546875,-0.34374992361112805
addition,3,unrelated,27,5.796875,1.296875,3.5234375,-2.2734375,-0.5052082210648398
addition,3,unrelated,35,5.796875,1.296875,3.046875,-2.75,-0.6111109753086721
addition,4,same_computation,0,4.3359375,5.78125,6.4375,2.1015625,1.45405304800654
addition,4,same_computation,9,4.3359375,5.78125,6.296875,1.9609375,1.3567558180284072
addition,4,same_computation,18,4.3359375,5.78125,5.203125,0.8671875,0.5999995848651521
addition,4,same_computation,27,4.3359375,5.78125,6.8125,2.4765625,1.7135123279482272
addition,4,same_computation,35,4.3359375,5.78125,5.78125,1.4453125,0.9999993081085868
addition,4,surface_wrong,0,4.3359375,8.53125,6.578125,2.2421875,0.5344505243767838
addition,4,surface_wrong,9,4.3359375,8.53125,6.34375,2.0078125,0.47858461590534296
addition,4,surface_wrong,18,4.3359375,8.53125,7.8125,3.4765625,0.828677642326372
addition,4,surface_wrong,27,4.3359375,8.53125,4.265625,-0.0703125,-0.016759772541432242
addition,4,surface_wrong,35,4.3359375,8.53125,2.453125,-1.8828125,-0.4487894647205745
addition,4,unrelated,0,4.3359375,3.4375,3.9453125,-0.390625,-0.4347821247642437
addition,4,unrelated,9,4.3359375,3.4375,2.2734375,-2.0625,-2.2956496187552067
addition,4,unrelated,18,4.3359375,3.4375,3.7734375,-0.5625,-0.626086259660511
addition,4,unrelated,27,4.3359375,3.4375,3.8203125,-0.515625,-0.5739124046888017
addition,4,unrelated,35,4.3359375,3.4375,2.234375,-2.1015625,-2.339127831231631
addition,5,same_computation,0,3.46875,6.90625,3.75,0.28125,0.08181815801653584
addition,5,same_computation,9,3.46875,6.90625,4.8359375,1.3671875,0.397727157024827
addition,5,same_computation,18,3.46875,6.90625,5.21875,1.75,0.5090907609917786
addition,5,same_computation,27,3.46875,6.90625,7.984375,4.515625,1.3136359814877143
addition,5,same_computation,35,3.46875,6.90625,6.90625,3.4375,0.9999997090909937
addition,5,surface_wrong,0,3.46875,6.5,3.7890625,0.3203125,0.1056700682325548
addition,5,surface_wrong,9,3.46875,6.5,4.4765625,1.0078125,0.33247411712194075
addition,5,surface_wrong,18,3.46875,6.5,5.046875,1.578125,0.5206183849506358
addition,5,surface_wrong,27,3.46875,6.5,1.359375,-2.109375,-0.6958760590924341
addition,5,surface_wrong,35,3.46875,6.5,0.53125,-2.9375,-0.969071845254649
addition,5,unrelated,0,3.46875,3.15625,3.296875,-0.171875,-0.549998240005632
addition,5,unrelated,9,3.46875,3.15625,2.6328125,-0.8359375,-2.674991440027392
addition,5,unrelated,18,3.46875,3.15625,3.390625,-0.078125,-0.24999920000256
addition,5,unrelated,27,3.46875,3.15625,3.21875,-0.25,-0.7999974400081921
addition,5,unrelated,35,3.46875,3.15625,2.296875,-1.171875,-3.7499880000384
subtraction,0,same_computation,0,4.78125,6.125,5.9140625,1.1328125,0.8430226284482766
subtraction,0,same_computation,9,4.78125,6.125,7.9453125,3.1640625,2.354649410493462
subtraction,0,same_computation,18,4.78125,6.125,8.515625,3.734375,2.7790676992984564
subtraction,0,same_computation,27,4.78125,6.125,7.640625,2.859375,2.1279053931866843
subtraction,0,same_computation,35,4.78125,6.125,6.125,1.34375,0.9999992558145073
subtraction,0,surface_wrong,0,4.78125,5.703125,6.2109375,1.4296875,1.5508457753537352
subtraction,0,surface_wrong,9,4.78125,5.703125,4.828125,0.046875,0.05084740247061427
subtraction,0,surface_wrong,18,4.78125,5.703125,8.171875,3.390625,3.6779621120410986
subtraction,0,surface_wrong,27,4.78125,5.703125,3.546875,-1.234375,-1.3389815983928424
subtraction,0,surface_wrong,35,4.78125,5.703125,2.90625,-1.875,-2.0338960988245707
subtraction,0,unrelated,0,4.78125,3.03125,4.703125,-0.078125,-0.04464283163266764
subtraction,0,unrelated,9,4.78125,3.03125,3.46875,-1.3125,-0.7499995714288163
subtraction,0,unrelated,18,4.78125,3.03125,2.515625,-2.265625,-1.2946421173473617
subtraction,0,unrelated,27,4.78125,3.03125,2.6328125,-2.1484375,-1.2276778698983601
subtraction,0,unrelated,35,4.78125,3.03125,2.34375,-2.4375,-1.3928563469392303
subtraction,1,same_computation,0,3.53125,7.9375,3.5234375,-0.0078125,-0.0017730492429959164
subtraction,1,same_computation,9,3.53125,7.9375,7.7578125,4.2265625,0.9592196404607908
subtraction,1,same_computation,18,3.53125,7.9375,7.09375,3.5625,0.8085104548061379
subtraction,1,same_computation,27,3.53125,7.9375,8.578125,5.046875,1.145389810975362
subtraction,1,same_computation,35,3.53125,7.9375,7.9375,4.40625,0.9999997730496969
subtraction,1,surface_wrong,0,3.53125,6.453125,3.7890625,0.2578125,0.08823526391948186
subtraction,1,surface_wrong,9,3.53125,6.453125,2.3671875,-1.1640625,-0.39839558557584237
subtraction,1,surface_wrong,18,3.53125,6.453125,5.34375,1.8125,0.620320643312721
subtraction,1,surface_wrong,27,3.53125,6.453125,2.046875,-1.484375,-0.5080212165061077
subtraction,1,surface_wrong,35,3.53125,6.453125,1.265625,-2.265625,-0.7754008041409012
subtraction,1,unrelated,0,3.53125,3.8828125,3.5859375,0.0546875,0.15555511308767833
subtraction,1,unrelated,9,3.53125,3.8828125,3.140625,-0.390625,-1.1111079506262738
subtraction,1,unrelated,18,3.53125,3.8828125,2.75,-0.78125,-2.2222159012525475
subtraction,1,unrelated,27,3.53125,3.8828125,2.3515625,-1.1796875,-3.355546010891347
subtraction,1,unrelated,35,3.53125,3.8828125,2.2578125,-1.2734375,-3.6222119190416526
subtraction,2,same_computation,0,1.046875,7.0,1.921875,0.875,0.1469816026067649
subtraction,2,same_computation,9,1.046875,7.0,5.625,4.578125,0.769028742210395
subtraction,2,same_computation,18,1.046875,7.0,6.15625,5.109375,0.8582675723645022
subtraction,2,same_computation,27,1.046875,7.0,7.0,5.953125,0.9999998320210256
subtraction,2,same_computation,35,1.046875,7.0,7.0,5.953125,0.9999998320210256
subtraction,2,surface_wrong,0,1.046875,3.9375,1.9140625,0.8671875,0.2999998962162521
subtraction,2,surface_wrong,9,1.046875,3.9375,3.296875,2.25,0.7783781091016271
subtraction,2,surface_wrong,18,1.046875,3.9375,2.171875,1.125,0.38918905455081354
subtraction,2,surface_wrong,27,1.046875,3.9375,1.359375,0.3125,0.10810807070855932
subtraction,2,surface_wrong,35,1.046875,3.9375,0.734375,-0.3125,-0.10810807070855932
subtraction,2,unrelated,0,1.046875,0.734375,1.0078125,-0.0390625,-0.12499960000128
subtraction,2,unrelated,9,1.046875,0.734375,1.9375,0.890625,2.849990880029184
subtraction,2,unrelated,18,1.046875,0.734375,2.09375,1.046875,3.349989280034304
subtraction,2,unrelated,27,1.046875,0.734375,1.6328125,0.5859375,1.8749940000192
subtraction,2,unrelated,35,1.046875,0.734375,1.484375,0.4375,1.3999955200143361
subtraction,3,same_computation,0,2.3203125,6.921875,2.8046875,0.484375,0.10526313501921683
subtraction,3,same_computation,9,2.3203125,6.921875,2.75,0.4296875,0.0933785875170472
subtraction,3,same_computation,18,2.3203125,6.921875,4.9375,2.6171875,0.5687604876038329
subtraction,3,same_computation,27,2.3203125,6.921875,6.984375,4.6640625,1.0135821226850394
subtraction,3,same_computation,35,2.3203125,6.921875,6.921875,4.6015625,0.99999978268256
subtraction,3,surface_wrong,0,2.3203125,5.28125,2.75,0.4296875,0.14511868449817514
subtraction,3,surface_wrong,9,2.3203125,5.28125,1.7109375,-0.609375,-0.20580467983377568
subtraction,3,surface_wrong,18,2.3203125,5.28125,2.796875,0.4765625,0.16094981371615788
subtraction,3,surface_wrong,27,2.3203125,5.28125,1.71875,-0.6015625,-0.20316615829744522
subtraction,3,surface_wrong,35,2.3203125,5.28125,1.390625,-0.9296875,-0.3139840628233244
subtraction,3,unrelated,0,2.3203125,3.4453125,2.4609375,0.140625,0.12499988888898766
subtraction,3,unrelated,9,2.3203125,3.4453125,3.09375,0.7734375,0.6874993888894322
subtraction,3,unrelated,18,2.3203125,3.4453125,3.125,0.8046875,0.7152771419758739
subtraction,3,unrelated,27,2.3203125,3.4453125,2.8125,0.4921875,0.4374996111114568
subtraction,3,unrelated,35,2.3203125,3.4453125,2.9921875,0.671875,0.5972216913584966
subtraction,4,same_computation,0,1.9296875,7.46875,1.7109375,-0.21875,-0.03949223546543563
subtraction,4,same_computation,9,1.9296875,7.46875,1.8203125,-0.109375,-0.019746117732717814
subtraction,4,same_computation,18,1.9296875,7.46875,6.15625,4.2265625,0.7630464066714526
subtraction,4,same_computation,27,1.9296875,7.46875,7.828125,5.8984375,1.0648799205858535
subtraction,4,same_computation,35,1.9296875,7.46875,7.46875,5.5390625,0.9999998194640665
subtraction,4,surface_wrong,0,1.9296875,5.59375,1.703125,-0.2265625,-0.06183367182364607
subtraction,4,surface_wrong,9,1.9296875,5.59375,1.6484375,-0.28125,-0.07675904088452615
subtraction,4,surface_wrong,18,1.9296875,5.59375,2.265625,0.3359375,0.09168440994540623
subtraction,4,surface_wrong,27,1.9296875,5.59375,1.796875,-0.1328125,-0.03624732486213735
subtraction,4,surface_wrong,35,1.9296875,5.59375,1.171875,-0.7578125,-0.20682297127219545
subtraction,4,unrelated,0,1.9296875,2.96875,2.0390625,0.109375,0.10526305658893803
subtraction,4,unrelated,9,1.9296875,2.96875,2.375,0.4453125,0.42857101611210485
subtraction,4,unrelated,18,1.9296875,2.96875,2.9921875,1.0625,1.0225554068639695
subtraction,4,unrelated,27,1.9296875,2.96875,2.4375,0.5078125,0.48872133416292657
subtraction,4,unrelated,35,1.9296875,2.96875,2.375,0.4453125,0.42857101611210485
subtraction,5,same_computation,0,2.171875,8.046875,3.3046875,1.1328125,0.1928191161158951
subtraction,5,same_computation,9,2.171875,8.046875,4.1171875,1.9453125,0.3311169649162613
subtraction,5,same_computation,18,2.171875,8.046875,7.96875,5.796875,0.9867019597103047
subtraction,5,same_computation,27,2.171875,8.046875,8.4296875,6.2578125,1.0651593931643586
subtraction,5,same_computation,35,2.171875,8.046875,8.046875,5.875,0.999999829787263
subtraction,5,surface_wrong,0,2.171875,5.375,3.2421875,1.0703125,0.33414623714458935
subtraction,5,surface_wrong,9,2.171875,5.375,3.578125,1.40625,0.43902425318267213
subtraction,5,surface_wrong,18,2.171875,5.375,3.09375,0.921875,0.2878047881975295
subtraction,5,surface_wrong,27,2.171875,5.375,1.890625,-0.28125,-0.08780485063653443
subtraction,5,surface_wrong,35,2.171875,5.375,1.9375,-0.234375,-0.07317070886377869
subtraction,5,unrelated,0,2.171875,2.046875,2.265625,0.09375,0.7499940000479997
subtraction,5,unrelated,9,2.171875,2.046875,2.875,0.703125,5.624955000359997
subtraction,5,unrelated,18,2.171875,2.046875,3.1640625,0.9921875,7.937436500507996
subtraction,5,unrelated,27,2.171875,2.046875,2.609375,0.4375,3.4999720002239982
subtraction,5,unrelated,35,2.171875,2.046875,2.8125,0.640625,5.124959000327998
multiplication,0,same_computation,0,6.5625,7.15625,9.96875,3.40625,5.736832443229569
multiplication,0,same_computation,9,6.5625,7.15625,11.03125,4.46875,7.526303113594755
multiplication,0,same_computation,18,6.5625,7.15625,8.96875,2.40625,4.052624753474099
multiplication,0,same_computation,27,6.5625,7.15625,8.265625,1.703125,2.8684162216147846
multiplication,0,same_computation,35,6.5625,7.15625,7.15625,0.59375,0.9999983157923102
multiplication,0,surface_wrong,0,6.5625,5.453125,9.734375,3.171875,2.8591523523133726
multiplication,0,surface_wrong,9,6.5625,5.453125,11.1875,4.625,4.169010326525903
multiplication,0,surface_wrong,18,6.5625,5.453125,7.609375,1.046875,0.9436611212068767
multiplication,0,surface_wrong,27,6.5625,5.453125,1.328125,-5.234375,-4.7183056060343835
multiplication,0,surface_wrong,35,6.5625,5.453125,0.71875,-5.84375,-5.267600885542864
multiplication,0,unrelated,0,6.5625,2.3984375,6.671875,0.109375,0.026266410202438074
multiplication,0,unrelated,9,6.5625,2.3984375,4.0390625,-2.5234375,-0.6060036068133927
multiplication,0,unrelated,18,6.5625,2.3984375,3.234375,-3.328125,-0.7992493390170443
multiplication,0,unrelated,27,6.5625,2.3984375,3.234375,-3.328125,-0.7992493390170443
multiplication,0,unrelated,35,6.5625,2.3984375,2.3984375,-4.1640625,-0.9999997598499638
multiplication,1,same_computation,0,4.296875,7.1875,10.71875,6.421875,2.221620853060894
multiplication,1,same_computation,9,4.296875,7.1875,12.28125,7.984375,2.7621612066036905
multiplication,1,same_computation,18,4.296875,7.1875,10.6640625,6.3671875,2.202701940686896
multiplication,1,same_computation,27,4.296875,7.1875,9.421875,5.125,1.7729723596203728
multiplication,1,same_computation,35,4.296875,7.1875,7.1875,2.890625,0.9999996540541737
multiplication,1,surface_wrong,0,4.296875,4.71875,10.4765625,6.1796875,14.6481134266941
multiplication,1,surface_wrong,9,4.296875,4.71875,11.828125,7.53125,17.85180953645147
multiplication,1,surface_wrong,18,4.296875,4.71875,9.15625,4.859375,11.51849121542823
multiplication,1,surface_wrong,27,4.296875,4.71875,1.046875,-3.25,-7.703685443115988
multiplication,1,surface_wrong,35,4.296875,4.71875,0.859375,-3.4375,-8.148128834064986
multiplication,1,unrelated,0,4.296875,3.4375,4.421875,0.125,0.14545437619854407
multiplication,1,unrelated,9,4.296875,3.4375,3.7734375,-0.5234375,-0.6090902003314033
multiplication,1,unrelated,18,4.296875,3.4375,4.09375,-0.203125,-0.23636336132263408
multiplication,1,unrelated,27,4.296875,3.4375,3.7421875,-0.5546875,-0.6454537943810392
multiplication,1,unrelated,35,4.296875,3.4375,3.4375,-0.859375,-0.9999988363649904
multiplication,2,same_computation,0,2.765625,8.1875,7.640625,4.875,0.8991352808511297
multiplication,2,same_computation,9,2.765625,8.1875,10.9375,8.171875,1.507204332965195
multiplication,2,same_computation,18,2.765625,8.1875,9.875,7.109375,1.3112389512412308
multiplication,2,same_computation,27,2.765625,8.1875,9.765625,7.0,1.291066044299058
multiplication,2,same_computation,35,2.765625,8.1875,8.1875,5.421875,0.9999998155619937
multiplication,2,surface_wrong,0,2.765625,6.3125,7.234375,4.46875,1.2599115390557776
multiplication,2,surface_wrong,9,2.765625,6.3125,9.9375,7.171875,2.0220258616314752
multiplication,2,surface_wrong,18,2.765625,6.3125,6.4375,3.671875,1.0352419988745025
multiplication,2,surface_wrong,27,2.765625,6.3125,1.125,-1.640625,-0.4625549356673309
multiplication,2,surface_wrong,35,2.765625,6.3125,0.9375,-1.828125,-0.5154183568864544
multiplication,2,unrelated,0,2.765625,2.1171875,2.75,-0.015625,-0.024096348381535026
multiplication,2,unrelated,9,2.765625,2.1171875,2.3515625,-0.4140625,-0.6385532321106782
multiplication,2,unrelated,18,2.765625,2.1171875,2.53125,-0.234375,-0.3614452257230254
multiplication,2,unrelated,27,2.765625,2.1171875,2.9921875,0.2265625,0.34939705153225786
multiplication,2,unrelated,35,2.765625,2.1171875,2.1171875,-0.6484375,-0.9999984578337036
multiplication,3,same_computation,0,3.75,7.84375,9.328125,5.578125,1.3625950869996735
multiplication,3,same_computation,9,3.75,7.84375,10.984375,7.234375,1.7671751408427137
multiplication,3,same_computation,18,3.75,7.84375,9.359375,5.609375,1.37022867292124
multiplication,3,same_computation,27,3.75,7.84375,9.515625,5.765625,1.4083966025290742
multiplication,3,same_computation,35,3.75,7.84375,7.84375,4.09375,0.9999997557252505
multiplication,3,surface_wrong,0,3.75,4.65625,9.234375,5.484375,6.051717460173837
multiplication,3,surface_wrong,9,3.75,4.65625,10.1875,6.4375,7.103440437582965
multiplication,3,surface_wrong,18,3.75,4.65625,8.0625,4.3125,4.758615438769171
multiplication,3,surface_wrong,27,3.75,4.65625,0.109375,-3.640625,-4.017236946497162
multiplication,3,surface_wrong,35,3.75,4.65625,0.015625,-3.734375,-4.1206851082095355
multiplication,3,unrelated,0,3.75,2.6796875,3.8125,0.0625,0.05839410602594474
multiplication,3,unrelated,9,3.75,2.6796875,3.6015625,-0.1484375,-0.13868600181161875
multiplication,3,unrelated,18,3.75,2.6796875,3.4296875,-0.3203125,-0.2992697933829668
multiplication,3,unrelated,27,3.75,2.6796875,3.3125,-0.4375,-0.4087587421816132
multiplication,3,unrelated,35,3.75,2.6796875,2.6796875,-1.0703125,-0.9999990656943036
multiplication,4,same_computation,0,2.703125,8.546875,9.4296875,6.7265625,1.1510693217421482
multiplication,4,same_computation,9,2.703125,8.546875,11.6171875,8.9140625,1.525400808487562
multiplication,4,same_computation,18,2.703125,8.546875,9.9765625,7.2734375,1.2446521934285015
multiplication,4,same_computation,27,2.703125,8.546875,10.28125,7.578125,1.29679122193947
multiplication,4,same_computation,35,2.703125,8.546875,8.546875,5.84375,0.9999998288770346
multiplication,4,surface_wrong,0,2.703125,6.125,9.1875,6.484375,1.8949766151666512
multiplication,4,surface_wrong,9,2.703125,6.125,10.71875,8.015625,2.3424650688686555
multiplication,4,surface_wrong,18,2.703125,6.125,6.1484375,3.4453125,1.0068490208295098
multiplication,4,surface_wrong,27,2.703125,6.125,0.703125,-2.0,-0.5844747150393527
multiplication,4,surface_wrong,35,2.703125,6.125,0.03125,-2.671875,-0.7808216896228852
multiplication,4,unrelated,0,2.703125,2.4609375,2.75,0.046875,0.19354758793254015
multiplication,4,unrelated,9,2.703125,2.4609375,2.796875,0.09375,0.3870951758650803
multiplication,4,unrelated,18,2.703125,2.4609375,3.015625,0.3125,1.2903172528836009
multiplication,4,unrelated,27,2.703125,2.4609375,3.921875,1.21875,5.032237286246044
multiplication,4,unrelated,35,2.703125,2.4609375,2.4609375,-0.2421875,-0.9999958709847908
multiplication,5,same_computation,0,4.0625,7.984375,10.109375,6.046875,1.5418322761861925
multiplication,5,same_computation,9,4.0625,7.984375,11.4140625,7.3515625,1.874501514071327
multiplication,5,same_computation,18,4.0625,7.984375,10.328125,6.265625,1.5976091543944786
multiplication,5,same_computation,27,4.0625,7.984375,9.6875,5.625,1.4342625824987838
multiplication,5,same_computation,35,4.0625,7.984375,7.984375,3.921875,0.9999997450199853
multiplication,5,surface_wrong,0,4.0625,5.671875,9.9609375,5.8984375,3.665046266379019
multiplication,5,surface_wrong,9,4.0625,5.671875,10.9296875,6.8671875,4.266987639930011
multiplication,5,surface_wrong,18,4.0625,5.671875,8.734375,4.671875,2.9029108176088125
multiplication,5,surface_wrong,27,4.0625,5.671875,2.296875,-1.765625,-1.0970866969558388
multiplication,5,surface_wrong,35,4.0625,5.671875,1.890625,-2.171875,-1.3495137245739965
multiplication,5,unrelated,0,4.0625,3.109375,4.140625,0.078125,0.08196712711645679
multiplication,5,unrelated,9,4.0625,3.109375,3.96875,-0.09375,-0.09836055253974815
multiplication,5,unrelated,18,4.0625,3.109375,3.8671875,-0.1953125,-0.204917817791142
multiplication,5,unrelated,27,4.0625,3.109375,3.4140625,-0.6484375,-0.6803271550665914
multiplication,5,unrelated,35,4.0625,3.109375,3.109375,-0.953125,-0.9999989508207728
modular,0,same_computation,0,-0.40625,3.5625,-1.078125,-0.671875,-0.1692912959266026
modular,0,same_computation,9,-0.40625,3.5625,-1.03125,-0.625,-0.15748027528056055
modular,0,same_computation,18,-0.40625,3.5625,-0.84375,-0.4375,-0.11023619269639238
modular,0,same_computation,27,-0.40625,3.5625,3.171875,3.578125,0.9015745759812092
modular,0,same_computation,35,-0.40625,3.5625,3.5625,3.96875,0.9999997480315596
modular,0,surface_wrong,0,-0.40625,2.46875,-0.953125,-0.546875,-0.19021732514179995
modular,0,surface_wrong,9,-0.40625,2.46875,-1.375,-0.96875,-0.33695640453690273
modular,0,surface_wrong,18,-0.40625,2.46875,-0.140625,0.265625,0.0923912722117314
modular,0,surface_wrong,27,-0.40625,2.46875,2.265625,2.671875,0.9293475028356512
modular,0,surface_wrong,35,-0.40625,2.46875,2.46875,2.875,0.999999652174034
modular,0,unrelated,0,-0.40625,2.390625,-0.4375,-0.03125,-0.01117318036266177
modular,0,unrelated,9,-0.40625,2.390625,-1.25,-0.84375,-0.3016758697918678
modular,0,unrelated,18,-0.40625,2.390625,-0.734375,-0.328125,-0.11731839380794858
modular,0,unrelated,27,-0.40625,2.390625,-1.9375,-1.53125,-0.5474858377704267
modular,0,unrelated,35,-0.40625,2.390625,-2.390625,-1.984375,-0.7094969530290224
modular,1,same_computation,0,0.5859375,5.859375,0.5546875,-0.03125,-0.0059259248021950005
modular,1,same_computation,9,0.5859375,5.859375,1.453125,0.8671875,0.16444441326091125
modular,1,same_computation,18,0.5859375,5.859375,1.5703125,0.984375,0.1866666312691425
modular,1,same_computation,27,0.5859375,5.859375,5.4375,4.8515625,0.9199998255407738
modular,1,same_computation,35,0.5859375,5.859375,5.859375,5.2734375,0.9999998103704063
modular,1,surface_wrong,0,0.5859375,5.046875,1.375,0.7890625,0.17688262234505137
modular,1,surface_wrong,9,0.5859375,5.046875,2.46875,1.8828125,0.42206645529858794
modular,1,surface_wrong,18,0.5859375,5.046875,1.140625,0.5546875,0.12434322956929354
modular,1,surface_wrong,27,0.5859375,5.046875,5.0,4.4140625,0.9894918972767726
modular,1,surface_wrong,35,0.5859375,5.046875,5.046875,4.4609375,0.9999997758319241
modular,1,unrelated,0,0.5859375,2.484375,0.5625,-0.0234375,-0.012345672509275386
modular,1,unrelated,9,0.5859375,2.484375,-0.1640625,-0.75,-0.39506152029681235
modular,1,unrelated,18,0.5859375,2.484375,0.1640625,-0.421875,-0.22222210516695695
modular,1,unrelated,27,0.5859375,2.484375,0.78125,0.1953125,0.10288060424396156
modular,1,unrelated,35,0.5859375,2.484375,0.7578125,0.171875,0.09053493173468617
modular,2,same_computation,0,0.8984375,3.375,0.71875,-0.1796875,-0.07255517575059149
modular,2,same_computation,9,0.8984375,3.375,1.359375,0.4609375,0.18611979866456077
modular,2,same_computation,18,0.8984375,3.375,0.46875,-0.4296875,-0.1735015072296753
modular,2,same_computation,27,0.8984375,3.375,2.875,1.9765625,0.7981069332565064
modular,2,same_computation,35,0.8984375,3.375,3.375,2.4765625,0.999999596214674
modular,2,surface_wrong,0,0.8984375,5.96875,1.3671875,0.46875,0.09244990472482618
modular,2,surface_wrong,9,0.8984375,5.96875,1.640625,0.7421875,0.14637901581430812
modular,2,surface_wrong,18,0.8984375,5.96875,0.90625,0.0078125,0.0015408317454137697
modular,2,surface_wrong,27,0.8984375,5.96875,2.234375,1.3359375,0.26348222846575464
modular,2,surface_wrong,35,0.8984375,5.96875,2.046875,1.1484375,0.22650226657582415
modular,2,unrelated,0,0.8984375,4.5625,0.8984375,0.0,0.0
modular,2,unrelated,9,0.8984375,4.5625,0.7421875,-0.15625,-0.04264391160251453
modular,2,unrelated,18,0.8984375,4.5625,0.3359375,-0.5625,-0.1535180817690523
modular,2,unrelated,27,0.8984375,4.5625,1.71875,0.8203125,0.22388053591320128
modular,2,unrelated,35,0.8984375,4.5625,1.921875,1.0234375,0.2793176209964702
modular,3,same_computation,0,-0.0859375,1.015625,0.0703125,0.15625,0.14184384286516394
modular,3,same_computation,9,-0.0859375,1.015625,0.3125,0.3984375,0.361701799306168
modular,3,same_computation,18,-0.0859375,1.015625,-0.0234375,0.0625,0.056737537146065574
modular,3,same_computation,27,-0.0859375,1.015625,-0.015625,0.0703125,0.06382972928932377
modular,3,same_computation,35,-0.0859375,1.015625,1.015625,1.1015625,0.9999990921994057
modular,3,surface_wrong,0,-0.0859375,5.59375,-0.0234375,0.0625,0.01100412461000282
modular,3,surface_wrong,9,-0.0859375,5.59375,0.4453125,0.53125,0.09353505918502396
modular,3,surface_wrong,18,-0.0859375,5.59375,-0.1875,-0.1015625,-0.01788170249125458
modular,3,surface_wrong,27,-0.0859375,5.59375,-0.296875,-0.2109375,-0.03713892055875952
modular,3,surface_wrong,35,-0.0859375,5.59375,-0.453125,-0.3671875,-0.06464923208376656
modular,3,unrelated,0,-0.0859375,2.9140625,-0.0703125,0.015625,0.005208331597222801
modular,3,unrelated,9,-0.0859375,2.9140625,-0.3046875,-0.21875,-0.07291664236111921
modular,3,unrelated,18,-0.0859375,2.9140625,-0.1953125,-0.109375,-0.036458321180559604
modular,3,unrelated,27,-0.0859375,2.9140625,1.2421875,1.328125,0.44270818576393806
modular,3,unrelated,35,-0.0859375,2.9140625,2.2578125,2.34375,0.7812497395834201
modular,4,same_computation,0,0.71875,4.703125,0.3203125,-0.3984375,-0.09999997490196708
modular,4,same_computation,9,0.71875,4.703125,1.546875,0.828125,0.20784308509036295
modular,4,same_computation,18,0.71875,4.703125,1.328125,0.609375,0.15294113808536142
modular,4,same_computation,27,0.71875,4.703125,4.296875,3.578125,0.8980389902960966
modular,4,same_computation,35,0.71875,4.703125,4.703125,3.984375,0.9999997490196708
modular,4,surface_wrong,0,0.71875,4.828125,1.421875,0.703125,0.1711026199598187
modular,4,surface_wrong,9,0.71875,4.828125,2.03125,1.3125,0.31939155725832824
modular,4,surface_wrong,18,0.71875,4.828125,1.796875,1.078125,0.2623573506050554
modular,4,surface_wrong,27,0.71875,4.828125,4.984375,4.265625,1.0380225610895668
modular,4,surface_wrong,35,0.71875,4.828125,4.828125,4.109375,0.9999997566540516
modular,4,unrelated,0,0.71875,4.71875,0.734375,0.015625,0.003906249023437744
modular,4,unrelated,9,0.71875,4.71875,0.453125,-0.265625,-0.06640623339844165
modular,4,unrelated,18,0.71875,4.71875,0.28125,-0.4375,-0.10937497265625683
modular,4,unrelated,27,0.71875,4.71875,0.9921875,0.2734375,0.06835935791016053
modular,4,unrelated,35,0.71875,4.71875,1.21875,0.5,0.12499996875000781
modular,5,same_computation,0,2.84375,3.984375,2.3515625,-0.4921875,-0.43150647100802547
modular,5,same_computation,9,2.84375,3.984375,2.90625,0.0625,0.05479447250895561
modular,5,same_computation,18,2.84375,3.984375,1.890625,-0.953125,-0.8356157057615731
modular,5,same_computation,27,2.84375,3.984375,3.71875,0.875,0.7671226151253786
modular,5,same_computation,35,2.84375,3.984375,3.984375,1.140625,0.99999912328844
modular,5,surface_wrong,0,2.84375,5.59375,2.6328125,-0.2109375,-0.0767045175619936
modular,5,surface_wrong,9,2.84375,5.59375,3.125,0.28125,0.10227269008265814
modular,5,surface_wrong,18,2.84375,5.59375,2.171875,-0.671875,-0.2443180929752389
modular,5,surface_wrong,27,2.84375,5.59375,5.546875,2.703125,0.9829541880166589
modular,5,surface_wrong,35,2.84375,5.59375,5.59375,2.75,0.9999996363637685
modular,5,unrelated,0,2.84375,1.875,2.8515625,0.0078125,0.008064507804379041
modular,5,unrelated,9,2.84375,1.875,3.125,0.28125,0.29032228095764545
modular,5,unrelated,18,2.84375,1.875,3.0234375,0.1796875,0.18548367950071792
modular,5,unrelated,27,2.84375,1.875,3.0078125,0.1640625,0.16935466389195986
modular,5,unrelated,35,2.84375,1.875,3.296875,0.453125,0.46774145265398437
pythagorean,0,same_computation,0,-0.203125,8.109375,6.53125,6.734375,0.810150278478162
pythagorean,0,same_computation,9,-0.203125,8.109375,8.7109375,8.9140625,1.0723682920459199
pythagorean,0,same_computation,18,-0.203125,8.109375,8.78125,8.984375,1.0808269376448798
pythagorean,0,same_computation,27,-0.203125,8.109375,8.609375,8.8125,1.0601502484029777
pythagorean,0,same_computation,35,-0.203125,8.109375,8.109375,8.3125,0.9999998796992626
pythagorean,0,surface_wrong,0,-0.203125,6.21875,8.546875,8.75,1.362530201455151
pythagorean,0,surface_wrong,9,-0.203125,6.21875,5.1796875,5.3828125,0.8381993828594635
pythagorean,0,surface_wrong,18,-0.203125,6.21875,2.265625,2.46875,0.38442816398198904
pythagorean,0,surface_wrong,27,-0.203125,6.21875,0.921875,1.125,0.17518245447280514
pythagorean,0,surface_wrong,35,-0.203125,6.21875,1.09375,1.296875,0.20194644057281705
pythagorean,0,unrelated,0,-0.203125,4.0625,-0.171875,0.03125,0.007326005608555461
pythagorean,0,unrelated,9,-0.203125,4.0625,0.3984375,0.6015625,0.14102560796469263
pythagorean,0,unrelated,18,-0.203125,4.0625,1.0703125,1.2734375,0.29853472854863505
pythagorean,0,unrelated,27,-0.203125,4.0625,2.1328125,2.3359375,0.5476189192395208
pythagorean,0,unrelated,35,-0.203125,4.0625,1.75,1.953125,0.45787535053471634
pythagorean,1,same_computation,0,2.3984375,8.2890625,4.7734375,2.375,0.40318295542782717
pythagorean,1,same_computation,9,2.3984375,8.2890625,6.6328125,4.234375,0.7188327692167182
pythagorean,1,same_computation,18,2.3984375,8.2890625,9.453125,7.0546875,1.197612528787263
pythagorean,1,same_computation,27,2.3984375,8.2890625,9.3671875,6.96875,1.1830236718474403
pythagorean,1,same_computation,35,2.3984375,8.2890625,8.2890625,5.890625,0.9999998302387556
pythagorean,1,surface_wrong,0,2.3984375,6.375,6.5546875,4.15625,1.0451863776348598
pythagorean,1,surface_wrong,9,2.3984375,6.375,3.84375,1.4453125,0.3634576689143779
pythagorean,1,surface_wrong,18,2.3984375,6.375,5.0,2.6015625,0.6542238040458803
pythagorean,1,surface_wrong,27,2.3984375,6.375,7.375,4.9765625,1.2514731626943716
pythagorean,1,surface_wrong,35,2.3984375,6.375,6.375,3.9765625,0.9999997485265858
pythagorean,1,unrelated,0,2.3984375,2.2734375,2.4140625,0.015625,0.12499900000799993
pythagorean,1,unrelated,9,2.3984375,2.2734375,2.6015625,0.203125,1.6249870001039992
pythagorean,1,unrelated,18,2.3984375,2.2734375,2.734375,0.3359375,2.6874785001719985
pythagorean,1,unrelated,27,2.3984375,2.2734375,2.9296875,0.53125,4.249966000271998
pythagorean,1,unrelated,35,2.3984375,2.2734375,3.6953125,1.296875,10.374917000663995
pythagorean,2,same_computation,0,1.8359375,8.28125,4.6328125,2.796875,0.4339393266130499
pythagorean,2,same_computation,9,1.8359375,8.28125,6.9765625,5.140625,0.7975756338306895
pythagorean,2,same_computation,18,1.8359375,8.28125,8.5,6.6640625,1.0339392335221553
pythagorean,2,same_computation,27,1.8359375,8.28125,8.515625,6.6796875,1.0363634755702729
pythagorean,2,same_computation,35,1.8359375,8.28125,8.28125,6.4453125,0.9999998448485089
pythagorean,2,surface_wrong,0,1.8359375,6.34375,7.0078125,5.171875,1.1473134369911266
pythagorean,2,surface_wrong,9,1.8359375,6.34375,2.28125,0.4453125,0.09878680650829942
pythagorean,2,surface_wrong,18,1.8359375,6.34375,4.703125,2.8671875,0.6360483857639629
pythagorean,2,surface_wrong,27,1.8359375,6.34375,7.328125,5.4921875,1.2183706136023595
pythagorean,2,surface_wrong,35,1.8359375,6.34375,6.34375,4.5078125,0.9999997781629608
pythagorean,2,unrelated,0,1.8359375,3.1328125,1.875,0.0390625,0.030120458702296907
pythagorean,2,unrelated,9,1.8359375,3.1328125,2.296875,0.4609375,0.3554214126871035
pythagorean,2,unrelated,18,1.8359375,3.1328125,2.671875,0.8359375,0.6445778162291538
pythagorean,2,unrelated,27,1.8359375,3.1328125,3.578125,1.7421875,1.343372458122442
pythagorean,2,unrelated,35,1.8359375,3.1328125,4.2421875,2.40625,1.8554202560614894
pythagorean,3,same_computation,0,2.8359375,7.875,4.75,1.9140625,0.3798448858602397
pythagorean,3,same_computation,9,2.8359375,7.875,5.734375,2.8984375,0.5751936843026487
pythagorean,3,same_computation,18,2.8359375,7.875,8.65625,5.8203125,1.1550385304729738
pythagorean,3,same_computation,27,2.8359375,7.875,8.4140625,5.578125,1.1069765245069842
pythagorean,3,same_computation,35,2.8359375,7.875,7.875,5.0390625,0.999999801550427
pythagorean,3,surface_wrong,0,2.8359375,6.0,5.984375,3.1484375,0.995061413906516
pythagorean,3,surface_wrong,9,2.8359375,6.0,3.890625,1.0546875,0.3333332279835724
pythagorean,3,surface_wrong,18,2.8359375,6.0,2.6875,-0.1484375,-0.04691356541991019
pythagorean,3,surface_wrong,27,2.8359375,6.0,1.515625,-1.3203125,-0.4172838187349906
pythagorean,3,surface_wrong,35,2.8359375,6.0,1.65625,-1.1796875,-0.37283938833718094
pythagorean,3,unrelated,0,2.8359375,4.0390625,2.828125,-0.0078125,-0.0064935010963107775
pythagorean,3,unrelated,9,2.8359375,4.0390625,3.03125,0.1953125,0.16233752740776944
pythagorean,3,unrelated,18,2.8359375,4.0390625,2.984375,0.1484375,0.12337652082990477
pythagorean,3,unrelated,27,2.8359375,4.0390625,3.125,0.2890625,0.24025954056349877
pythagorean,3,unrelated,35,2.8359375,4.0390625,4.0390625,1.203125,0.9999991688318597
pythagorean,4,same_computation,0,2.59375,7.71875,3.78125,1.1875,0.23170727186199572
pythagorean,4,same_computation,9,2.59375,7.71875,5.015625,2.421875,0.47256088340275443
pythagorean,4,same_computation,18,2.59375,7.71875,7.1171875,4.5234375,0.8826217790006284
pythagorean,4,same_computation,27,2.59375,7.71875,8.4921875,5.8984375,1.1509144095776762
pythagorean,4,same_computation,35,2.59375,7.71875,7.71875,5.125,0.9999998048780868
pythagorean,4,surface_wrong,0,2.59375,5.203125,5.5546875,2.9609375,1.1347301040555289
pythagorean,4,surface_wrong,9,2.59375,5.203125,2.5546875,-0.0390625,-0.014970054143212782
pythagorean,4,surface_wrong,18,2.59375,5.203125,3.25,0.65625,0.25149690960597476
pythagorean,4,surface_wrong,27,2.59375,5.203125,1.609375,-0.984375,-0.3772453644089621
pythagorean,4,surface_wrong,35,2.59375,5.203125,1.640625,-0.953125,-0.3652693210943919
pythagorean,4,unrelated,0,2.59375,3.53125,2.59375,0.0,0.0
pythagorean,4,unrelated,9,2.59375,3.53125,2.8046875,0.2109375,0.22499976000025598
pythagorean,4,unrelated,18,2.59375,3.53125,2.8359375,0.2421875,0.2583330577780717
pythagorean,4,unrelated,27,2.59375,3.53125,3.171875,0.578125,0.6166660088895904
pythagorean,4,unrelated,35,2.59375,3.53125,3.53125,0.9375,0.9999989333344711
pythagorean,5,same_computation,0,1.0234375,7.65625,2.5234375,1.5,0.22614837579859587
pythagorean,5,same_computation,9,1.0234375,7.65625,4.5234375,3.5,0.5276795435300571
pythagorean,5,same_computation,18,1.0234375,7.65625,7.875,6.8515625,1.0329798207050447
pythagorean,5,same_computation,27,1.0234375,7.65625,8.125,7.1015625,1.0706712166714774
pythagorean,5,same_computation,35,1.0234375,7.65625,7.65625,6.6328125,0.9999998492344161
pythagorean,5,surface_wrong,0,1.0234375,5.34375,5.0,3.9765625,0.9204337833353992
pythagorean,5,surface_wrong,9,1.0234375,5.34375,2.453125,1.4296875,0.33092216571783506
pythagorean,5,surface_wrong,18,1.0234375,5.34375,3.625,2.6015625,0.6021698425357326
pythagorean,5,surface_wrong,27,1.0234375,5.34375,6.6875,5.6640625,1.3110304379531716
pythagorean,5,surface_wrong,35,1.0234375,5.34375,5.34375,4.3203125,0.9999997685353158
pythagorean,5,unrelated,0,1.0234375,5.171875,1.046875,0.0234375,0.005649716152234148
pythagorean,5,unrelated,9,1.0234375,5.171875,1.8046875,0.78125,0.18832387174113827
pythagorean,5,unrelated,18,1.0234375,5.171875,2.078125,1.0546875,0.2542372268505366
pythagorean,5,unrelated,27,1.0234375,5.171875,2.8203125,1.796875,0.433144905004618
pythagorean,5,unrelated,35,1.0234375,5.171875,3.53125,2.5078125,0.6045196282890538
implication,0,same_computation,0,6.220703125,5.0126953125,6.146484375,-0.07421875,-0.061438914378780664
implication,0,same_computation,9,6.220703125,5.0126953125,5.2490234375,-0.9716796875,-0.8043647343011416
implication,0,same_computation,18,6.220703125,5.0126953125,4.4033203125,-1.8173828125,-1.5044449955119845
implication,0,same_computation,27,6.220703125,5.0126953125,5.708984375,-0.51171875,-0.42360514650632985
implication,0,same_computation,35,6.220703125,5.0126953125,5.0126953125,-1.2080078125,-0.9999991721914695
implication,0,surface_wrong,0,6.220703125,9.083984375,6.099609375,-0.12109375,-0.04229193611632245
implication,0,surface_wrong,9,6.220703125,9.083984375,5.384765625,-0.8359375,-0.29195078480300013
implication,0,surface_wrong,18,6.220703125,9.083984375,4.2041015625,-2.0166015625,-0.704297161937144
implication,0,surface_wrong,27,6.220703125,9.083984375,3.84765625,-2.373046875,-0.8287855222795447
implication,0,surface_wrong,35,6.220703125,9.083984375,3.181640625,-3.0390625,-1.0613911709193182
implication,0,unrelated,0,6.220703125,3.5224609375,6.12890625,-0.091796875,-0.03402097906714348
implication,0,unrelated,9,6.220703125,3.5224609375,4.365234375,-1.85546875,-0.6876580875273681
implication,0,unrelated,18,6.220703125,3.5224609375,4.8447265625,-1.3759765625,-0.5099527606979273
implication,0,unrelated,27,6.220703125,3.5224609375,5.7705078125,-0.4501953125,-0.166847567552693
implication,0,unrelated,35,6.220703125,3.5224609375,6.7138671875,0.4931640625,0.18277228115858996
implication,1,same_computation,0,6.220703125,5.0126953125,6.146484375,-0.07421875,-0.061438914378780664
implication,1,same_computation,9,6.220703125,5.0126953125,5.2490234375,-0.9716796875,-0.8043647343011416
implication,1,same_computation,18,6.220703125,5.0126953125,4.4033203125,-1.8173828125,-1.5044449955119845
implication,1,same_computation,27,6.220703125,5.0126953125,5.708984375,-0.51171875,-0.42360514650632985
implication,1,same_computation,35,6.220703125,5.0126953125,5.0126953125,-1.2080078125,-0.9999991721914695
implication,1,surface_wrong,0,6.220703125,9.083984375,6.099609375,-0.12109375,-0.04229193611632245
implication,1,surface_wrong,9,6.220703125,9.083984375,5.384765625,-0.8359375,-0.29195078480300013
implication,1,surface_wrong,18,6.220703125,9.083984375,4.2041015625,-2.0166015625,-0.704297161937144
implication,1,surface_wrong,27,6.220703125,9.083984375,3.84765625,-2.373046875,-0.8287855222795447
implication,1,surface_wrong,35,6.220703125,9.083984375,3.181640625,-3.0390625,-1.0613911709193182
implication,1,unrelated,0,6.220703125,3.5224609375,6.12890625,-0.091796875,-0.03402097906714348
implication,1,unrelated,9,6.220703125,3.5224609375,4.365234375,-1.85546875,-0.6876580875273681
implication,1,unrelated,18,6.220703125,3.5224609375,4.8447265625,-1.3759765625,-0.5099527606979273
implication,1,unrelated,27,6.220703125,3.5224609375,5.7705078125,-0.4501953125,-0.166847567552693
implication,1,unrelated,35,6.220703125,3.5224609375,6.7138671875,0.4931640625,0.18277228115858996
implication,2,same_computation,0,6.220703125,5.0126953125,6.146484375,-0.07421875,-0.061438914378780664
implication,2,same_computation,9,6.220703125,5.0126953125,5.2490234375,-0.9716796875,-0.8043647343011416
implication,2,same_computation,18,6.220703125,5.0126953125,4.4033203125,-1.8173828125,-1.5044449955119845
implication,2,same_computation,27,6.220703125,5.0126953125,5.708984375,-0.51171875,-0.42360514650632985
implication,2,same_computation,35,6.220703125,5.0126953125,5.0126953125,-1.2080078125,-0.9999991721914695
implication,2,surface_wrong,0,6.220703125,9.083984375,6.099609375,-0.12109375,-0.04229193611632245
implication,2,surface_wrong,9,6.220703125,9.083984375,5.384765625,-0.8359375,-0.29195078480300013
implication,2,surface_wrong,18,6.220703125,9.083984375,4.2041015625,-2.0166015625,-0.704297161937144
implication,2,surface_wrong,27,6.220703125,9.083984375,3.84765625,-2.373046875,-0.8287855222795447
implication,2,surface_wrong,35,6.220703125,9.083984375,3.181640625,-3.0390625,-1.0613911709193182
implication,2,unrelated,0,6.220703125,3.5224609375,6.12890625,-0.091796875,-0.03402097906714348
implication,2,unrelated,9,6.220703125,3.5224609375,4.365234375,-1.85546875,-0.6876580875273681
implication,2,unrelated,18,6.220703125,3.5224609375,4.8447265625,-1.3759765625,-0.5099527606979273
implication,2,unrelated,27,6.220703125,3.5224609375,5.7705078125,-0.4501953125,-0.166847567552693
implication,2,unrelated,35,6.220703125,3.5224609375,6.7138671875,0.4931640625,0.18277228115858996
implication,3,same_computation,0,6.220703125,5.0126953125,6.146484375,-0.07421875,-0.061438914378780664
implication,3,same_computation,9,6.220703125,5.0126953125,5.2490234375,-0.9716796875,-0.8043647343011416
implication,3,same_computation,18,6.220703125,5.0126953125,4.4033203125,-1.8173828125,-1.5044449955119845
implication,3,same_computation,27,6.220703125,5.0126953125,5.708984375,-0.51171875,-0.42360514650632985
implication,3,same_computation,35,6.220703125,5.0126953125,5.0126953125,-1.2080078125,-0.9999991721914695
implication,3,surface_wrong,0,6.220703125,9.083984375,6.099609375,-0.12109375,-0.04229193611632245
implication,3,surface_wrong,9,6.220703125,9.083984375,5.384765625,-0.8359375,-0.29195078480300013
implication,3,surface_wrong,18,6.220703125,9.083984375,4.2041015625,-2.0166015625,-0.704297161937144
implication,3,surface_wrong,27,6.220703125,9.083984375,3.84765625,-2.373046875,-0.8287855222795447
implication,3,surface_wrong,35,6.220703125,9.083984375,3.181640625,-3.0390625,-1.0613911709193182
implication,3,unrelated,0,6.220703125,3.5224609375,6.12890625,-0.091796875,-0.03402097906714348
implication,3,unrelated,9,6.220703125,3.5224609375,4.365234375,-1.85546875,-0.6876580875273681
implication,3,unrelated,18,6.220703125,3.5224609375,4.8447265625,-1.3759765625,-0.5099527606979273
implication,3,unrelated,27,6.220703125,3.5224609375,5.7705078125,-0.4501953125,-0.166847567552693
implication,3,unrelated,35,6.220703125,3.5224609375,6.7138671875,0.4931640625,0.18277228115858996
implication,4,same_computation,0,6.220703125,5.0126953125,6.146484375,-0.07421875,-0.061438914378780664
implication,4,same_computation,9,6.220703125,5.0126953125,5.2490234375,-0.9716796875,-0.8043647343011416
implication,4,same_computation,18,6.220703125,5.0126953125,4.4033203125,-1.8173828125,-1.5044449955119845
implication,4,same_computation,27,6.220703125,5.0126953125,5.708984375,-0.51171875,-0.42360514650632985
implication,4,same_computation,35,6.220703125,5.0126953125,5.0126953125,-1.2080078125,-0.9999991721914695
implication,4,surface_wrong,0,6.220703125,9.083984375,6.099609375,-0.12109375,-0.04229193611632245
implication,4,surface_wrong,9,6.220703125,9.083984375,5.384765625,-0.8359375,-0.29195078480300013
implication,4,surface_wrong,18,6.220703125,9.083984375,4.2041015625,-2.0166015625,-0.704297161937144
implication,4,surface_wrong,27,6.220703125,9.083984375,3.84765625,-2.373046875,-0.8287855222795447
implication,4,surface_wrong,35,6.220703125,9.083984375,3.181640625,-3.0390625,-1.0613911709193182
implication,4,unrelated,0,6.220703125,3.5224609375,6.12890625,-0.091796875,-0.03402097906714348
implication,4,unrelated,9,6.220703125,3.5224609375,4.365234375,-1.85546875,-0.6876580875273681
implication,4,unrelated,18,6.220703125,3.5224609375,4.8447265625,-1.3759765625,-0.5099527606979273
implication,4,unrelated,27,6.220703125,3.5224609375,5.7705078125,-0.4501953125,-0.166847567552693
implication,4,unrelated,35,6.220703125,3.5224609375,6.7138671875,0.4931640625,0.18277228115858996
implication,5,same_computation,0,6.220703125,5.0126953125,6.146484375,-0.07421875,-0.061438914378780664
implication,5,same_computation,9,6.220703125,5.0126953125,5.2490234375,-0.9716796875,-0.8043647343011416
implication,5,same_computation,18,6.220703125,5.0126953125,4.4033203125,-1.8173828125,-1.5044449955119845
implication,5,same_computation,27,6.220703125,5.0126953125,5.708984375,-0.51171875,-0.42360514650632985
implication,5,same_computation,35,6.220703125,5.0126953125,5.0126953125,-1.2080078125,-0.9999991721914695
implication,5,surface_wrong,0,6.220703125,9.083984375,6.099609375,-0.12109375,-0.04229193611632245
implication,5,surface_wrong,9,6.220703125,9.083984375,5.384765625,-0.8359375,-0.29195078480300013
implication,5,surface_wrong,18,6.220703125,9.083984375,4.2041015625,-2.0166015625,-0.704297161937144
implication,5,surface_wrong,27,6.220703125,9.083984375,3.84765625,-2.373046875,-0.8287855222795447
implication,5,surface_wrong,35,6.220703125,9.083984375,3.181640625,-3.0390625,-1.0613911709193182
implication,5,unrelated,0,6.220703125,3.5224609375,6.12890625,-0.091796875,-0.03402097906714348
implication,5,unrelated,9,6.220703125,3.5224609375,4.365234375,-1.85546875,-0.6876580875273681
implication,5,unrelated,18,6.220703125,3.5224609375,4.8447265625,-1.3759765625,-0.5099527606979273
implication,5,unrelated,27,6.220703125,3.5224609375,5.7705078125,-0.4501953125,-0.166847567552693
implication,5,unrelated,35,6.220703125,3.5224609375,6.7138671875,0.4931640625,0.18277228115858996
